"datasourceId","Drug_name","TA","noTarget","interactionAssociation","phenotypeAssociation","score","datasourceName","datasourceType","Year"
"cancer_biomarkers","ZIV-AFLIBERCEPT","Oncology",FALSE,NA,NA,0,"Cancer Biomarkers (CGI)","Somatic",2012
"cancer_biomarkers","TERIFLUNOMIDE","Other indication",FALSE,NA,NA,0,"Cancer Biomarkers (CGI)","Somatic",2012
"cancer_biomarkers","TEDUGLUTIDE","Other indication",FALSE,NA,NA,0,"Cancer Biomarkers (CGI)","Somatic",2012
"cancer_biomarkers","TALIGLUCERASE ALFA","No human target",TRUE,NA,NA,NA,"Cancer Biomarkers (CGI)","Somatic",2012
"cancer_biomarkers","TAFLUPROST","Other indication",FALSE,NA,NA,0,"Cancer Biomarkers (CGI)","Somatic",2012
"cancer_biomarkers","TAFLUPROST","Other indication",FALSE,NA,NA,0,"Cancer Biomarkers (CGI)","Somatic",2012
"cancer_biomarkers","Stribild","Other indication",FALSE,NA,NA,0,"Cancer Biomarkers (CGI)","Somatic",2012
"cancer_biomarkers","RAXIBACUMAB","No human target",TRUE,NA,NA,NA,"Cancer Biomarkers (CGI)","Somatic",2012
"cancer_biomarkers","PASIREOTIDE DIASPARTATE","Other indication",FALSE,NA,NA,0,"Cancer Biomarkers (CGI)","Somatic",2012
"cancer_biomarkers","OMACETAXINE MEPESUCCINATE","Oncology",FALSE,NA,NA,0,"Cancer Biomarkers (CGI)","Somatic",2012
"cancer_biomarkers","MIRABEGRON","Other indication",FALSE,NA,NA,0,"Cancer Biomarkers (CGI)","Somatic",2012
"cancer_biomarkers","LUCINACTANT","No human target",TRUE,NA,NA,NA,"Cancer Biomarkers (CGI)","Somatic",2012
"cancer_biomarkers","LINACLOTIDE","Other indication",FALSE,NA,NA,0,"Cancer Biomarkers (CGI)","Somatic",2012
"cancer_biomarkers","LINACLOTIDE","Other indication",FALSE,NA,NA,0,"Cancer Biomarkers (CGI)","Somatic",2012
"cancer_biomarkers","GLUCARPIDASE","No human target",TRUE,NA,NA,NA,"Cancer Biomarkers (CGI)","Somatic",2012
"cancer_biomarkers","FLORBETAPIR F-18","No human target",TRUE,NA,NA,NA,"Cancer Biomarkers (CGI)","Somatic",2012
"cancer_biomarkers","CITRIC ACID, MAGNESIUM OXIDE, SODIUM PICOSULFATE","No human target",TRUE,NA,NA,NA,"Cancer Biomarkers (CGI)","Somatic",2012
"cancer_biomarkers","CHOLINE C-11","No human target",TRUE,NA,NA,NA,"Cancer Biomarkers (CGI)","Somatic",2012
"cancer_biomarkers","BEDAQUILINE","No human target",TRUE,NA,NA,NA,"Cancer Biomarkers (CGI)","Somatic",2012
"cancer_biomarkers","AVANAFIL","Other indication",FALSE,NA,NA,0,"Cancer Biomarkers (CGI)","Somatic",2012
"cancer_biomarkers","INGENOL MEBUTATE","Other indication",FALSE,NA,NA,0,"Cancer Biomarkers (CGI)","Somatic",2012
"cancer_biomarkers","LOMITAPIDE","Other indication",FALSE,NA,NA,0,"Cancer Biomarkers (CGI)","Somatic",2012
"cancer_biomarkers","APIXABAN","Other indication",FALSE,NA,NA,0,"Cancer Biomarkers (CGI)","Somatic",2012
"cancer_biomarkers","REGORAFENIB","Oncology",FALSE,NA,TRUE,0,"Cancer Biomarkers (CGI)","Somatic",2012
"cancer_biomarkers","ACLIDINIUM BROMIDE","Other indication",FALSE,NA,NA,0,"Cancer Biomarkers (CGI)","Somatic",2012
"cancer_biomarkers","PERTUZUMAB","Oncology",FALSE,NA,NA,0,"Cancer Biomarkers (CGI)","Somatic",2012
"cancer_biomarkers","CABOZANTINIB","Oncology",FALSE,NA,NA,0,"Cancer Biomarkers (CGI)","Somatic",2012
"cancer_biomarkers","LORCASERIN","Other indication",FALSE,NA,NA,0,"Cancer Biomarkers (CGI)","Somatic",2012
"cancer_biomarkers","CROFELEMER","Other indication",FALSE,NA,NA,0,"Cancer Biomarkers (CGI)","Somatic",2012
"cancer_biomarkers","PEGINESATIDE ACETATE","Other indication",FALSE,NA,NA,0,"Cancer Biomarkers (CGI)","Somatic",2012
"cancer_biomarkers","PEGINESATIDE ACETATE","Other indication",FALSE,NA,NA,0,"Cancer Biomarkers (CGI)","Somatic",2012
"cancer_biomarkers","TOFACITINIB","Other indication",FALSE,NA,NA,0,"Cancer Biomarkers (CGI)","Somatic",2012
"cancer_biomarkers","AXITINIB","Oncology",FALSE,NA,NA,0,"Cancer Biomarkers (CGI)","Somatic",2012
"cancer_biomarkers","TBO-FILGRASTIM","Oncology",FALSE,NA,NA,0,"Cancer Biomarkers (CGI)","Somatic",2012
"cancer_biomarkers","PERAMPANEL","Other indication",FALSE,NA,NA,0,"Cancer Biomarkers (CGI)","Somatic",2012
"cancer_biomarkers","VISMODEGIB","Oncology",FALSE,TRUE,TRUE,0.607930797611621,"Cancer Biomarkers (CGI)","Somatic",2012
"cancer_biomarkers","CARFILZOMIB","Oncology",FALSE,TRUE,NA,0,"Cancer Biomarkers (CGI)","Somatic",2012
"cancer_biomarkers","IVACAFTOR","Other indication",FALSE,NA,NA,0,"Cancer Biomarkers (CGI)","Somatic",2012
"cancer_biomarkers","PONATINIB","Oncology",FALSE,TRUE,TRUE,0.967152948166419,"Cancer Biomarkers (CGI)","Somatic",2012
"cancer_biomarkers","ENZALUTAMIDE","Oncology",FALSE,TRUE,TRUE,0.928566906455679,"Cancer Biomarkers (CGI)","Somatic",2012
"cancer_biomarkers","BOSUTINIB MONOHYDRATE","Oncology",FALSE,TRUE,TRUE,0.967152948166419,"Cancer Biomarkers (CGI)","Somatic",2012
"cancer_biomarkers","OCRIPLASMIN","Other indication",FALSE,NA,NA,0,"Cancer Biomarkers (CGI)","Somatic",2012
"cancer_gene_census","ZIV-AFLIBERCEPT","Oncology",FALSE,NA,NA,0,"CGC (COSMIC)","Somatic",2012
"cancer_gene_census","TERIFLUNOMIDE","Other indication",FALSE,NA,NA,0,"CGC (COSMIC)","Somatic",2012
"cancer_gene_census","TEDUGLUTIDE","Other indication",FALSE,NA,NA,0,"CGC (COSMIC)","Somatic",2012
"cancer_gene_census","TALIGLUCERASE ALFA","No human target",TRUE,NA,NA,NA,"CGC (COSMIC)","Somatic",2012
"cancer_gene_census","TAFLUPROST","Other indication",FALSE,NA,NA,0,"CGC (COSMIC)","Somatic",2012
"cancer_gene_census","TAFLUPROST","Other indication",FALSE,NA,NA,0,"CGC (COSMIC)","Somatic",2012
"cancer_gene_census","Stribild","Other indication",FALSE,NA,NA,0,"CGC (COSMIC)","Somatic",2012
"cancer_gene_census","RAXIBACUMAB","No human target",TRUE,NA,NA,NA,"CGC (COSMIC)","Somatic",2012
"cancer_gene_census","PASIREOTIDE DIASPARTATE","Other indication",FALSE,NA,NA,0,"CGC (COSMIC)","Somatic",2012
"cancer_gene_census","OMACETAXINE MEPESUCCINATE","Oncology",FALSE,NA,NA,0,"CGC (COSMIC)","Somatic",2012
"cancer_gene_census","MIRABEGRON","Other indication",FALSE,NA,NA,0,"CGC (COSMIC)","Somatic",2012
"cancer_gene_census","LUCINACTANT","No human target",TRUE,NA,NA,NA,"CGC (COSMIC)","Somatic",2012
"cancer_gene_census","LINACLOTIDE","Other indication",FALSE,NA,NA,0,"CGC (COSMIC)","Somatic",2012
"cancer_gene_census","LINACLOTIDE","Other indication",FALSE,NA,NA,0,"CGC (COSMIC)","Somatic",2012
"cancer_gene_census","GLUCARPIDASE","No human target",TRUE,NA,NA,NA,"CGC (COSMIC)","Somatic",2012
"cancer_gene_census","FLORBETAPIR F-18","No human target",TRUE,NA,NA,NA,"CGC (COSMIC)","Somatic",2012
"cancer_gene_census","CITRIC ACID, MAGNESIUM OXIDE, SODIUM PICOSULFATE","No human target",TRUE,NA,NA,NA,"CGC (COSMIC)","Somatic",2012
"cancer_gene_census","CHOLINE C-11","No human target",TRUE,NA,NA,NA,"CGC (COSMIC)","Somatic",2012
"cancer_gene_census","BEDAQUILINE","No human target",TRUE,NA,NA,NA,"CGC (COSMIC)","Somatic",2012
"cancer_gene_census","AVANAFIL","Other indication",FALSE,NA,NA,0,"CGC (COSMIC)","Somatic",2012
"cancer_gene_census","INGENOL MEBUTATE","Other indication",FALSE,TRUE,NA,0,"CGC (COSMIC)","Somatic",2012
"cancer_gene_census","LOMITAPIDE","Other indication",FALSE,NA,NA,0,"CGC (COSMIC)","Somatic",2012
"cancer_gene_census","APIXABAN","Other indication",FALSE,NA,NA,0,"CGC (COSMIC)","Somatic",2012
"cancer_gene_census","REGORAFENIB","Oncology",FALSE,NA,TRUE,0,"CGC (COSMIC)","Somatic",2012
"cancer_gene_census","ACLIDINIUM BROMIDE","Other indication",FALSE,NA,NA,0,"CGC (COSMIC)","Somatic",2012
"cancer_gene_census","PERTUZUMAB","Oncology",FALSE,TRUE,TRUE,0.455948098208716,"CGC (COSMIC)","Somatic",2012
"cancer_gene_census","CABOZANTINIB","Oncology",FALSE,TRUE,TRUE,0.455948098208716,"CGC (COSMIC)","Somatic",2012
"cancer_gene_census","LORCASERIN","Other indication",FALSE,NA,NA,0,"CGC (COSMIC)","Somatic",2012
"cancer_gene_census","CROFELEMER","Other indication",FALSE,NA,NA,0,"CGC (COSMIC)","Somatic",2012
"cancer_gene_census","PEGINESATIDE ACETATE","Other indication",FALSE,NA,NA,0,"CGC (COSMIC)","Somatic",2012
"cancer_gene_census","PEGINESATIDE ACETATE","Other indication",FALSE,NA,NA,0,"CGC (COSMIC)","Somatic",2012
"cancer_gene_census","TOFACITINIB","Other indication",FALSE,NA,NA,0,"CGC (COSMIC)","Somatic",2012
"cancer_gene_census","AXITINIB","Oncology",FALSE,TRUE,TRUE,0.622706893386904,"CGC (COSMIC)","Somatic",2012
"cancer_gene_census","TBO-FILGRASTIM","Oncology",FALSE,NA,NA,0,"CGC (COSMIC)","Somatic",2012
"cancer_gene_census","PERAMPANEL","Other indication",FALSE,NA,NA,0,"CGC (COSMIC)","Somatic",2012
"cancer_gene_census","VISMODEGIB","Oncology",FALSE,TRUE,TRUE,0.607930797611621,"CGC (COSMIC)","Somatic",2012
"cancer_gene_census","CARFILZOMIB","Oncology",FALSE,TRUE,NA,0,"CGC (COSMIC)","Somatic",2012
"cancer_gene_census","IVACAFTOR","Other indication",FALSE,NA,NA,0,"CGC (COSMIC)","Somatic",2012
"cancer_gene_census","PONATINIB","Oncology",FALSE,TRUE,TRUE,0.759913497014526,"CGC (COSMIC)","Somatic",2012
"cancer_gene_census","ENZALUTAMIDE","Oncology",FALSE,TRUE,TRUE,0.759913497014526,"CGC (COSMIC)","Somatic",2012
"cancer_gene_census","BOSUTINIB MONOHYDRATE","Oncology",FALSE,TRUE,TRUE,0.759913497014526,"CGC (COSMIC)","Somatic",2012
"cancer_gene_census","OCRIPLASMIN","Other indication",FALSE,NA,NA,0,"CGC (COSMIC)","Somatic",2012
"eva","ZIV-AFLIBERCEPT","Oncology",FALSE,NA,NA,0,"ClinVar","Rare mendelian",2012
"eva","TERIFLUNOMIDE","Other indication",FALSE,NA,NA,0,"ClinVar","Rare mendelian",2012
"eva","TEDUGLUTIDE","Other indication",FALSE,NA,NA,0,"ClinVar","Rare mendelian",2012
"eva","TALIGLUCERASE ALFA","No human target",TRUE,NA,NA,NA,"ClinVar","Rare mendelian",2012
"eva","TAFLUPROST","Other indication",FALSE,NA,NA,0,"ClinVar","Rare mendelian",2012
"eva","TAFLUPROST","Other indication",FALSE,NA,NA,0,"ClinVar","Rare mendelian",2012
"eva","Stribild","Other indication",FALSE,NA,NA,0,"ClinVar","Rare mendelian",2012
"eva","RAXIBACUMAB","No human target",TRUE,NA,NA,NA,"ClinVar","Rare mendelian",2012
"eva","PASIREOTIDE DIASPARTATE","Other indication",FALSE,NA,NA,0,"ClinVar","Rare mendelian",2012
"eva","OMACETAXINE MEPESUCCINATE","Oncology",FALSE,NA,NA,0,"ClinVar","Rare mendelian",2012
"eva","MIRABEGRON","Other indication",FALSE,NA,NA,0,"ClinVar","Rare mendelian",2012
"eva","LUCINACTANT","No human target",TRUE,NA,NA,NA,"ClinVar","Rare mendelian",2012
"eva","LINACLOTIDE","Other indication",FALSE,NA,NA,0,"ClinVar","Rare mendelian",2012
"eva","LINACLOTIDE","Other indication",FALSE,NA,NA,0,"ClinVar","Rare mendelian",2012
"eva","GLUCARPIDASE","No human target",TRUE,NA,NA,NA,"ClinVar","Rare mendelian",2012
"eva","FLORBETAPIR F-18","No human target",TRUE,NA,NA,NA,"ClinVar","Rare mendelian",2012
"eva","CITRIC ACID, MAGNESIUM OXIDE, SODIUM PICOSULFATE","No human target",TRUE,NA,NA,NA,"ClinVar","Rare mendelian",2012
"eva","CHOLINE C-11","No human target",TRUE,NA,NA,NA,"ClinVar","Rare mendelian",2012
"eva","BEDAQUILINE","No human target",TRUE,NA,NA,NA,"ClinVar","Rare mendelian",2012
"eva","AVANAFIL","Other indication",FALSE,NA,NA,0,"ClinVar","Rare mendelian",2012
"eva","INGENOL MEBUTATE","Other indication",FALSE,NA,NA,0,"ClinVar","Rare mendelian",2012
"eva","LOMITAPIDE","Other indication",FALSE,TRUE,NA,0,"ClinVar","Rare mendelian",2012
"eva","APIXABAN","Other indication",FALSE,NA,NA,0,"ClinVar","Rare mendelian",2012
"eva","REGORAFENIB","Oncology",FALSE,NA,NA,0,"ClinVar","Rare mendelian",2012
"eva","ACLIDINIUM BROMIDE","Other indication",FALSE,NA,NA,0,"ClinVar","Rare mendelian",2012
"eva","PERTUZUMAB","Oncology",FALSE,NA,NA,0,"ClinVar","Rare mendelian",2012
"eva","CABOZANTINIB","Oncology",FALSE,NA,NA,0,"ClinVar","Rare mendelian",2012
"eva","LORCASERIN","Other indication",FALSE,NA,NA,0,"ClinVar","Rare mendelian",2012
"eva","CROFELEMER","Other indication",FALSE,NA,NA,0,"ClinVar","Rare mendelian",2012
"eva","PEGINESATIDE ACETATE","Other indication",FALSE,TRUE,NA,0,"ClinVar","Rare mendelian",2012
"eva","PEGINESATIDE ACETATE","Other indication",FALSE,TRUE,NA,0,"ClinVar","Rare mendelian",2012
"eva","TOFACITINIB","Other indication",FALSE,NA,NA,0,"ClinVar","Rare mendelian",2012
"eva","AXITINIB","Oncology",FALSE,NA,NA,0,"ClinVar","Rare mendelian",2012
"eva","TBO-FILGRASTIM","Oncology",FALSE,TRUE,TRUE,0.903473639310148,"ClinVar","Rare mendelian",2012
"eva","PERAMPANEL","Other indication",FALSE,TRUE,TRUE,0.425551558328135,"ClinVar","Rare mendelian",2012
"eva","VISMODEGIB","Oncology",FALSE,TRUE,NA,0,"ClinVar","Rare mendelian",2012
"eva","CARFILZOMIB","Oncology",FALSE,NA,NA,0,"ClinVar","Rare mendelian",2012
"eva","IVACAFTOR","Other indication",FALSE,TRUE,TRUE,0.998759789467693,"ClinVar","Rare mendelian",2012
"eva","PONATINIB","Oncology",FALSE,TRUE,TRUE,0.732556611122003,"ClinVar","Rare mendelian",2012
"eva","ENZALUTAMIDE","Oncology",FALSE,TRUE,TRUE,0.906160426002575,"ClinVar","Rare mendelian",2012
"eva","BOSUTINIB MONOHYDRATE","Oncology",FALSE,TRUE,TRUE,0.732556611122003,"ClinVar","Rare mendelian",2012
"eva","OCRIPLASMIN","Other indication",FALSE,TRUE,TRUE,0.93248617349753,"ClinVar","Rare mendelian",2012
"eva_somatic","ZIV-AFLIBERCEPT","Oncology",FALSE,NA,NA,0,"ClinVar (Somatic)","Somatic",2012
"eva_somatic","TERIFLUNOMIDE","Other indication",FALSE,NA,NA,0,"ClinVar (Somatic)","Somatic",2012
"eva_somatic","TEDUGLUTIDE","Other indication",FALSE,NA,NA,0,"ClinVar (Somatic)","Somatic",2012
"eva_somatic","TALIGLUCERASE ALFA","No human target",TRUE,NA,NA,NA,"ClinVar (Somatic)","Somatic",2012
"eva_somatic","TAFLUPROST","Other indication",FALSE,NA,NA,0,"ClinVar (Somatic)","Somatic",2012
"eva_somatic","TAFLUPROST","Other indication",FALSE,NA,NA,0,"ClinVar (Somatic)","Somatic",2012
"eva_somatic","Stribild","Other indication",FALSE,NA,NA,0,"ClinVar (Somatic)","Somatic",2012
"eva_somatic","RAXIBACUMAB","No human target",TRUE,NA,NA,NA,"ClinVar (Somatic)","Somatic",2012
"eva_somatic","PASIREOTIDE DIASPARTATE","Other indication",FALSE,NA,NA,0,"ClinVar (Somatic)","Somatic",2012
"eva_somatic","OMACETAXINE MEPESUCCINATE","Oncology",FALSE,NA,NA,0,"ClinVar (Somatic)","Somatic",2012
"eva_somatic","MIRABEGRON","Other indication",FALSE,NA,NA,0,"ClinVar (Somatic)","Somatic",2012
"eva_somatic","LUCINACTANT","No human target",TRUE,NA,NA,NA,"ClinVar (Somatic)","Somatic",2012
"eva_somatic","LINACLOTIDE","Other indication",FALSE,NA,NA,0,"ClinVar (Somatic)","Somatic",2012
"eva_somatic","LINACLOTIDE","Other indication",FALSE,NA,NA,0,"ClinVar (Somatic)","Somatic",2012
"eva_somatic","GLUCARPIDASE","No human target",TRUE,NA,NA,NA,"ClinVar (Somatic)","Somatic",2012
"eva_somatic","FLORBETAPIR F-18","No human target",TRUE,NA,NA,NA,"ClinVar (Somatic)","Somatic",2012
"eva_somatic","CITRIC ACID, MAGNESIUM OXIDE, SODIUM PICOSULFATE","No human target",TRUE,NA,NA,NA,"ClinVar (Somatic)","Somatic",2012
"eva_somatic","CHOLINE C-11","No human target",TRUE,NA,NA,NA,"ClinVar (Somatic)","Somatic",2012
"eva_somatic","BEDAQUILINE","No human target",TRUE,NA,NA,NA,"ClinVar (Somatic)","Somatic",2012
"eva_somatic","AVANAFIL","Other indication",FALSE,NA,NA,0,"ClinVar (Somatic)","Somatic",2012
"eva_somatic","INGENOL MEBUTATE","Other indication",FALSE,NA,NA,0,"ClinVar (Somatic)","Somatic",2012
"eva_somatic","LOMITAPIDE","Other indication",FALSE,NA,NA,0,"ClinVar (Somatic)","Somatic",2012
"eva_somatic","APIXABAN","Other indication",FALSE,NA,NA,0,"ClinVar (Somatic)","Somatic",2012
"eva_somatic","REGORAFENIB","Oncology",FALSE,NA,NA,0,"ClinVar (Somatic)","Somatic",2012
"eva_somatic","ACLIDINIUM BROMIDE","Other indication",FALSE,NA,NA,0,"ClinVar (Somatic)","Somatic",2012
"eva_somatic","PERTUZUMAB","Oncology",FALSE,NA,NA,0,"ClinVar (Somatic)","Somatic",2012
"eva_somatic","CABOZANTINIB","Oncology",FALSE,NA,NA,0,"ClinVar (Somatic)","Somatic",2012
"eva_somatic","LORCASERIN","Other indication",FALSE,NA,NA,0,"ClinVar (Somatic)","Somatic",2012
"eva_somatic","CROFELEMER","Other indication",FALSE,NA,NA,0,"ClinVar (Somatic)","Somatic",2012
"eva_somatic","PEGINESATIDE ACETATE","Other indication",FALSE,NA,NA,0,"ClinVar (Somatic)","Somatic",2012
"eva_somatic","PEGINESATIDE ACETATE","Other indication",FALSE,NA,NA,0,"ClinVar (Somatic)","Somatic",2012
"eva_somatic","TOFACITINIB","Other indication",FALSE,NA,NA,0,"ClinVar (Somatic)","Somatic",2012
"eva_somatic","AXITINIB","Oncology",FALSE,NA,NA,0,"ClinVar (Somatic)","Somatic",2012
"eva_somatic","TBO-FILGRASTIM","Oncology",FALSE,NA,NA,0,"ClinVar (Somatic)","Somatic",2012
"eva_somatic","PERAMPANEL","Other indication",FALSE,NA,NA,0,"ClinVar (Somatic)","Somatic",2012
"eva_somatic","VISMODEGIB","Oncology",FALSE,TRUE,TRUE,0.744715227074236,"ClinVar (Somatic)","Somatic",2012
"eva_somatic","CARFILZOMIB","Oncology",FALSE,TRUE,NA,0,"ClinVar (Somatic)","Somatic",2012
"eva_somatic","IVACAFTOR","Other indication",FALSE,NA,NA,0,"ClinVar (Somatic)","Somatic",2012
"eva_somatic","PONATINIB","Oncology",FALSE,TRUE,TRUE,0.808573424292028,"ClinVar (Somatic)","Somatic",2012
"eva_somatic","ENZALUTAMIDE","Oncology",FALSE,TRUE,TRUE,0.839064155009897,"ClinVar (Somatic)","Somatic",2012
"eva_somatic","BOSUTINIB MONOHYDRATE","Oncology",FALSE,TRUE,TRUE,0.808573424292028,"ClinVar (Somatic)","Somatic",2012
"eva_somatic","OCRIPLASMIN","Other indication",FALSE,NA,NA,0,"ClinVar (Somatic)","Somatic",2012
"gene2phenotype","ZIV-AFLIBERCEPT","Oncology",FALSE,NA,NA,0,"gene2phenotype","Rare mendelian",2012
"gene2phenotype","TERIFLUNOMIDE","Other indication",FALSE,NA,NA,0,"gene2phenotype","Rare mendelian",2012
"gene2phenotype","TEDUGLUTIDE","Other indication",FALSE,NA,NA,0,"gene2phenotype","Rare mendelian",2012
"gene2phenotype","TALIGLUCERASE ALFA","No human target",TRUE,NA,NA,NA,"gene2phenotype","Rare mendelian",2012
"gene2phenotype","TAFLUPROST","Other indication",FALSE,NA,NA,0,"gene2phenotype","Rare mendelian",2012
"gene2phenotype","TAFLUPROST","Other indication",FALSE,NA,NA,0,"gene2phenotype","Rare mendelian",2012
"gene2phenotype","Stribild","Other indication",FALSE,NA,NA,0,"gene2phenotype","Rare mendelian",2012
"gene2phenotype","RAXIBACUMAB","No human target",TRUE,NA,NA,NA,"gene2phenotype","Rare mendelian",2012
"gene2phenotype","PASIREOTIDE DIASPARTATE","Other indication",FALSE,NA,NA,0,"gene2phenotype","Rare mendelian",2012
"gene2phenotype","OMACETAXINE MEPESUCCINATE","Oncology",FALSE,NA,NA,0,"gene2phenotype","Rare mendelian",2012
"gene2phenotype","MIRABEGRON","Other indication",FALSE,NA,NA,0,"gene2phenotype","Rare mendelian",2012
"gene2phenotype","LUCINACTANT","No human target",TRUE,NA,NA,NA,"gene2phenotype","Rare mendelian",2012
"gene2phenotype","LINACLOTIDE","Other indication",FALSE,NA,NA,0,"gene2phenotype","Rare mendelian",2012
"gene2phenotype","LINACLOTIDE","Other indication",FALSE,NA,NA,0,"gene2phenotype","Rare mendelian",2012
"gene2phenotype","GLUCARPIDASE","No human target",TRUE,NA,NA,NA,"gene2phenotype","Rare mendelian",2012
"gene2phenotype","FLORBETAPIR F-18","No human target",TRUE,NA,NA,NA,"gene2phenotype","Rare mendelian",2012
"gene2phenotype","CITRIC ACID, MAGNESIUM OXIDE, SODIUM PICOSULFATE","No human target",TRUE,NA,NA,NA,"gene2phenotype","Rare mendelian",2012
"gene2phenotype","CHOLINE C-11","No human target",TRUE,NA,NA,NA,"gene2phenotype","Rare mendelian",2012
"gene2phenotype","BEDAQUILINE","No human target",TRUE,NA,NA,NA,"gene2phenotype","Rare mendelian",2012
"gene2phenotype","AVANAFIL","Other indication",FALSE,NA,NA,0,"gene2phenotype","Rare mendelian",2012
"gene2phenotype","INGENOL MEBUTATE","Other indication",FALSE,NA,NA,0,"gene2phenotype","Rare mendelian",2012
"gene2phenotype","LOMITAPIDE","Other indication",FALSE,NA,NA,0,"gene2phenotype","Rare mendelian",2012
"gene2phenotype","APIXABAN","Other indication",FALSE,NA,NA,0,"gene2phenotype","Rare mendelian",2012
"gene2phenotype","REGORAFENIB","Oncology",FALSE,NA,NA,0,"gene2phenotype","Rare mendelian",2012
"gene2phenotype","ACLIDINIUM BROMIDE","Other indication",FALSE,NA,NA,0,"gene2phenotype","Rare mendelian",2012
"gene2phenotype","PERTUZUMAB","Oncology",FALSE,NA,NA,0,"gene2phenotype","Rare mendelian",2012
"gene2phenotype","CABOZANTINIB","Oncology",FALSE,NA,NA,0,"gene2phenotype","Rare mendelian",2012
"gene2phenotype","LORCASERIN","Other indication",FALSE,NA,NA,0,"gene2phenotype","Rare mendelian",2012
"gene2phenotype","CROFELEMER","Other indication",FALSE,NA,NA,0,"gene2phenotype","Rare mendelian",2012
"gene2phenotype","PEGINESATIDE ACETATE","Other indication",FALSE,NA,NA,0,"gene2phenotype","Rare mendelian",2012
"gene2phenotype","PEGINESATIDE ACETATE","Other indication",FALSE,NA,NA,0,"gene2phenotype","Rare mendelian",2012
"gene2phenotype","TOFACITINIB","Other indication",FALSE,NA,NA,0,"gene2phenotype","Rare mendelian",2012
"gene2phenotype","AXITINIB","Oncology",FALSE,NA,NA,0,"gene2phenotype","Rare mendelian",2012
"gene2phenotype","TBO-FILGRASTIM","Oncology",FALSE,NA,NA,0,"gene2phenotype","Rare mendelian",2012
"gene2phenotype","PERAMPANEL","Other indication",FALSE,NA,NA,0,"gene2phenotype","Rare mendelian",2012
"gene2phenotype","VISMODEGIB","Oncology",FALSE,NA,NA,0,"gene2phenotype","Rare mendelian",2012
"gene2phenotype","CARFILZOMIB","Oncology",FALSE,NA,NA,0,"gene2phenotype","Rare mendelian",2012
"gene2phenotype","IVACAFTOR","Other indication",FALSE,NA,NA,0,"gene2phenotype","Rare mendelian",2012
"gene2phenotype","PONATINIB","Oncology",FALSE,NA,NA,0,"gene2phenotype","Rare mendelian",2012
"gene2phenotype","ENZALUTAMIDE","Oncology",FALSE,NA,NA,0,"gene2phenotype","Rare mendelian",2012
"gene2phenotype","BOSUTINIB MONOHYDRATE","Oncology",FALSE,NA,NA,0,"gene2phenotype","Rare mendelian",2012
"gene2phenotype","OCRIPLASMIN","Other indication",FALSE,TRUE,TRUE,0.759913497014526,"gene2phenotype","Rare mendelian",2012
"genomics_england","ZIV-AFLIBERCEPT","Oncology",FALSE,NA,NA,0,"GEL PanelApp","Rare mendelian",2012
"genomics_england","TERIFLUNOMIDE","Other indication",FALSE,NA,NA,0,"GEL PanelApp","Rare mendelian",2012
"genomics_england","TEDUGLUTIDE","Other indication",FALSE,NA,NA,0,"GEL PanelApp","Rare mendelian",2012
"genomics_england","TALIGLUCERASE ALFA","No human target",TRUE,NA,NA,NA,"GEL PanelApp","Rare mendelian",2012
"genomics_england","TAFLUPROST","Other indication",FALSE,NA,NA,0,"GEL PanelApp","Rare mendelian",2012
"genomics_england","TAFLUPROST","Other indication",FALSE,NA,NA,0,"GEL PanelApp","Rare mendelian",2012
"genomics_england","Stribild","Other indication",FALSE,NA,NA,0,"GEL PanelApp","Rare mendelian",2012
"genomics_england","RAXIBACUMAB","No human target",TRUE,NA,NA,NA,"GEL PanelApp","Rare mendelian",2012
"genomics_england","PASIREOTIDE DIASPARTATE","Other indication",FALSE,NA,NA,0,"GEL PanelApp","Rare mendelian",2012
"genomics_england","OMACETAXINE MEPESUCCINATE","Oncology",FALSE,NA,NA,0,"GEL PanelApp","Rare mendelian",2012
"genomics_england","MIRABEGRON","Other indication",FALSE,NA,NA,0,"GEL PanelApp","Rare mendelian",2012
"genomics_england","LUCINACTANT","No human target",TRUE,NA,NA,NA,"GEL PanelApp","Rare mendelian",2012
"genomics_england","LINACLOTIDE","Other indication",FALSE,NA,NA,0,"GEL PanelApp","Rare mendelian",2012
"genomics_england","LINACLOTIDE","Other indication",FALSE,NA,NA,0,"GEL PanelApp","Rare mendelian",2012
"genomics_england","GLUCARPIDASE","No human target",TRUE,NA,NA,NA,"GEL PanelApp","Rare mendelian",2012
"genomics_england","FLORBETAPIR F-18","No human target",TRUE,NA,NA,NA,"GEL PanelApp","Rare mendelian",2012
"genomics_england","CITRIC ACID, MAGNESIUM OXIDE, SODIUM PICOSULFATE","No human target",TRUE,NA,NA,NA,"GEL PanelApp","Rare mendelian",2012
"genomics_england","CHOLINE C-11","No human target",TRUE,NA,NA,NA,"GEL PanelApp","Rare mendelian",2012
"genomics_england","BEDAQUILINE","No human target",TRUE,NA,NA,NA,"GEL PanelApp","Rare mendelian",2012
"genomics_england","AVANAFIL","Other indication",FALSE,NA,NA,0,"GEL PanelApp","Rare mendelian",2012
"genomics_england","INGENOL MEBUTATE","Other indication",FALSE,NA,NA,0,"GEL PanelApp","Rare mendelian",2012
"genomics_england","LOMITAPIDE","Other indication",FALSE,NA,NA,0,"GEL PanelApp","Rare mendelian",2012
"genomics_england","APIXABAN","Other indication",FALSE,NA,NA,0,"GEL PanelApp","Rare mendelian",2012
"genomics_england","REGORAFENIB","Oncology",FALSE,NA,NA,0,"GEL PanelApp","Rare mendelian",2012
"genomics_england","ACLIDINIUM BROMIDE","Other indication",FALSE,NA,NA,0,"GEL PanelApp","Rare mendelian",2012
"genomics_england","PERTUZUMAB","Oncology",FALSE,NA,NA,0,"GEL PanelApp","Rare mendelian",2012
"genomics_england","CABOZANTINIB","Oncology",FALSE,NA,NA,0,"GEL PanelApp","Rare mendelian",2012
"genomics_england","LORCASERIN","Other indication",FALSE,NA,NA,0,"GEL PanelApp","Rare mendelian",2012
"genomics_england","CROFELEMER","Other indication",FALSE,NA,NA,0,"GEL PanelApp","Rare mendelian",2012
"genomics_england","PEGINESATIDE ACETATE","Other indication",FALSE,NA,NA,0,"GEL PanelApp","Rare mendelian",2012
"genomics_england","PEGINESATIDE ACETATE","Other indication",FALSE,NA,NA,0,"GEL PanelApp","Rare mendelian",2012
"genomics_england","TOFACITINIB","Other indication",FALSE,NA,NA,0,"GEL PanelApp","Rare mendelian",2012
"genomics_england","AXITINIB","Oncology",FALSE,NA,NA,0,"GEL PanelApp","Rare mendelian",2012
"genomics_england","TBO-FILGRASTIM","Oncology",FALSE,TRUE,TRUE,0.865457038266544,"GEL PanelApp","Rare mendelian",2012
"genomics_england","PERAMPANEL","Other indication",FALSE,TRUE,TRUE,0.303965398805811,"GEL PanelApp","Rare mendelian",2012
"genomics_england","VISMODEGIB","Oncology",FALSE,TRUE,NA,0,"GEL PanelApp","Rare mendelian",2012
"genomics_england","CARFILZOMIB","Oncology",FALSE,NA,NA,0,"GEL PanelApp","Rare mendelian",2012
"genomics_england","IVACAFTOR","Other indication",FALSE,TRUE,TRUE,0.94466364365476,"GEL PanelApp","Rare mendelian",2012
"genomics_england","PONATINIB","Oncology",FALSE,TRUE,TRUE,0.607930797611621,"GEL PanelApp","Rare mendelian",2012
"genomics_england","ENZALUTAMIDE","Oncology",FALSE,NA,NA,0,"GEL PanelApp","Rare mendelian",2012
"genomics_england","BOSUTINIB MONOHYDRATE","Oncology",FALSE,TRUE,TRUE,0.607930797611621,"GEL PanelApp","Rare mendelian",2012
"genomics_england","OCRIPLASMIN","Other indication",FALSE,TRUE,TRUE,0.923817447099338,"GEL PanelApp","Rare mendelian",2012
"impc","ZIV-AFLIBERCEPT","Oncology",FALSE,NA,NA,0,"Mouse model (IMPC)","Mouse model",2012
"impc","TERIFLUNOMIDE","Other indication",FALSE,NA,NA,0,"Mouse model (IMPC)","Mouse model",2012
"impc","TEDUGLUTIDE","Other indication",FALSE,NA,NA,0,"Mouse model (IMPC)","Mouse model",2012
"impc","TALIGLUCERASE ALFA","No human target",TRUE,NA,NA,NA,"Mouse model (IMPC)","Mouse model",2012
"impc","TAFLUPROST","Other indication",FALSE,NA,NA,0,"Mouse model (IMPC)","Mouse model",2012
"impc","TAFLUPROST","Other indication",FALSE,NA,NA,0,"Mouse model (IMPC)","Mouse model",2012
"impc","Stribild","Other indication",FALSE,NA,NA,0,"Mouse model (IMPC)","Mouse model",2012
"impc","RAXIBACUMAB","No human target",TRUE,NA,NA,NA,"Mouse model (IMPC)","Mouse model",2012
"impc","PASIREOTIDE DIASPARTATE","Other indication",FALSE,NA,NA,0,"Mouse model (IMPC)","Mouse model",2012
"impc","OMACETAXINE MEPESUCCINATE","Oncology",FALSE,NA,NA,0,"Mouse model (IMPC)","Mouse model",2012
"impc","MIRABEGRON","Other indication",FALSE,NA,NA,0,"Mouse model (IMPC)","Mouse model",2012
"impc","LUCINACTANT","No human target",TRUE,NA,NA,NA,"Mouse model (IMPC)","Mouse model",2012
"impc","LINACLOTIDE","Other indication",FALSE,NA,NA,0,"Mouse model (IMPC)","Mouse model",2012
"impc","LINACLOTIDE","Other indication",FALSE,NA,NA,0,"Mouse model (IMPC)","Mouse model",2012
"impc","GLUCARPIDASE","No human target",TRUE,NA,NA,NA,"Mouse model (IMPC)","Mouse model",2012
"impc","FLORBETAPIR F-18","No human target",TRUE,NA,NA,NA,"Mouse model (IMPC)","Mouse model",2012
"impc","CITRIC ACID, MAGNESIUM OXIDE, SODIUM PICOSULFATE","No human target",TRUE,NA,NA,NA,"Mouse model (IMPC)","Mouse model",2012
"impc","CHOLINE C-11","No human target",TRUE,NA,NA,NA,"Mouse model (IMPC)","Mouse model",2012
"impc","BEDAQUILINE","No human target",TRUE,NA,NA,NA,"Mouse model (IMPC)","Mouse model",2012
"impc","AVANAFIL","Other indication",FALSE,NA,NA,0,"Mouse model (IMPC)","Mouse model",2012
"impc","INGENOL MEBUTATE","Other indication",FALSE,NA,NA,0,"Mouse model (IMPC)","Mouse model",2012
"impc","LOMITAPIDE","Other indication",FALSE,NA,NA,0,"Mouse model (IMPC)","Mouse model",2012
"impc","APIXABAN","Other indication",FALSE,NA,NA,0,"Mouse model (IMPC)","Mouse model",2012
"impc","REGORAFENIB","Oncology",FALSE,NA,NA,0,"Mouse model (IMPC)","Mouse model",2012
"impc","ACLIDINIUM BROMIDE","Other indication",FALSE,NA,NA,0,"Mouse model (IMPC)","Mouse model",2012
"impc","PERTUZUMAB","Oncology",FALSE,NA,NA,0,"Mouse model (IMPC)","Mouse model",2012
"impc","CABOZANTINIB","Oncology",FALSE,NA,NA,0,"Mouse model (IMPC)","Mouse model",2012
"impc","LORCASERIN","Other indication",FALSE,TRUE,TRUE,0.476932507040393,"Mouse model (IMPC)","Mouse model",2012
"impc","CROFELEMER","Other indication",FALSE,TRUE,TRUE,0.478317350967967,"Mouse model (IMPC)","Mouse model",2012
"impc","PEGINESATIDE ACETATE","Other indication",FALSE,TRUE,TRUE,0.885361069570043,"Mouse model (IMPC)","Mouse model",2012
"impc","PEGINESATIDE ACETATE","Other indication",FALSE,TRUE,TRUE,0.885361069570043,"Mouse model (IMPC)","Mouse model",2012
"impc","TOFACITINIB","Other indication",FALSE,TRUE,TRUE,0.410915624375635,"Mouse model (IMPC)","Mouse model",2012
"impc","AXITINIB","Oncology",FALSE,NA,NA,0,"Mouse model (IMPC)","Mouse model",2012
"impc","TBO-FILGRASTIM","Oncology",FALSE,TRUE,TRUE,0.69174445168684,"Mouse model (IMPC)","Mouse model",2012
"impc","PERAMPANEL","Other indication",FALSE,TRUE,TRUE,0.992083867801423,"Mouse model (IMPC)","Mouse model",2012
"impc","VISMODEGIB","Oncology",FALSE,TRUE,NA,0,"Mouse model (IMPC)","Mouse model",2012
"impc","CARFILZOMIB","Oncology",FALSE,TRUE,NA,0,"Mouse model (IMPC)","Mouse model",2012
"impc","IVACAFTOR","Other indication",FALSE,TRUE,TRUE,0.4488240621908,"Mouse model (IMPC)","Mouse model",2012
"impc","PONATINIB","Oncology",FALSE,TRUE,NA,0,"Mouse model (IMPC)","Mouse model",2012
"impc","ENZALUTAMIDE","Oncology",FALSE,NA,NA,0,"Mouse model (IMPC)","Mouse model",2012
"impc","BOSUTINIB MONOHYDRATE","Oncology",FALSE,TRUE,TRUE,0.403909221933161,"Mouse model (IMPC)","Mouse model",2012
"impc","OCRIPLASMIN","Other indication",FALSE,TRUE,TRUE,0.855764565649283,"Mouse model (IMPC)","Mouse model",2012
"intogen","ZIV-AFLIBERCEPT","Oncology",FALSE,NA,NA,0,"IntOgen","Somatic",2012
"intogen","TERIFLUNOMIDE","Other indication",FALSE,NA,NA,0,"IntOgen","Somatic",2012
"intogen","TEDUGLUTIDE","Other indication",FALSE,NA,NA,0,"IntOgen","Somatic",2012
"intogen","TALIGLUCERASE ALFA","No human target",TRUE,NA,NA,NA,"IntOgen","Somatic",2012
"intogen","TAFLUPROST","Other indication",FALSE,NA,NA,0,"IntOgen","Somatic",2012
"intogen","TAFLUPROST","Other indication",FALSE,NA,NA,0,"IntOgen","Somatic",2012
"intogen","Stribild","Other indication",FALSE,NA,NA,0,"IntOgen","Somatic",2012
"intogen","RAXIBACUMAB","No human target",TRUE,NA,NA,NA,"IntOgen","Somatic",2012
"intogen","PASIREOTIDE DIASPARTATE","Other indication",FALSE,NA,NA,0,"IntOgen","Somatic",2012
"intogen","OMACETAXINE MEPESUCCINATE","Oncology",FALSE,NA,NA,0,"IntOgen","Somatic",2012
"intogen","MIRABEGRON","Other indication",FALSE,NA,NA,0,"IntOgen","Somatic",2012
"intogen","LUCINACTANT","No human target",TRUE,NA,NA,NA,"IntOgen","Somatic",2012
"intogen","LINACLOTIDE","Other indication",FALSE,NA,NA,0,"IntOgen","Somatic",2012
"intogen","LINACLOTIDE","Other indication",FALSE,NA,NA,0,"IntOgen","Somatic",2012
"intogen","GLUCARPIDASE","No human target",TRUE,NA,NA,NA,"IntOgen","Somatic",2012
"intogen","FLORBETAPIR F-18","No human target",TRUE,NA,NA,NA,"IntOgen","Somatic",2012
"intogen","CITRIC ACID, MAGNESIUM OXIDE, SODIUM PICOSULFATE","No human target",TRUE,NA,NA,NA,"IntOgen","Somatic",2012
"intogen","CHOLINE C-11","No human target",TRUE,NA,NA,NA,"IntOgen","Somatic",2012
"intogen","BEDAQUILINE","No human target",TRUE,NA,NA,NA,"IntOgen","Somatic",2012
"intogen","AVANAFIL","Other indication",FALSE,NA,NA,0,"IntOgen","Somatic",2012
"intogen","INGENOL MEBUTATE","Other indication",FALSE,NA,NA,0,"IntOgen","Somatic",2012
"intogen","LOMITAPIDE","Other indication",FALSE,NA,NA,0,"IntOgen","Somatic",2012
"intogen","APIXABAN","Other indication",FALSE,NA,NA,0,"IntOgen","Somatic",2012
"intogen","REGORAFENIB","Oncology",FALSE,NA,TRUE,0,"IntOgen","Somatic",2012
"intogen","ACLIDINIUM BROMIDE","Other indication",FALSE,NA,NA,0,"IntOgen","Somatic",2012
"intogen","PERTUZUMAB","Oncology",FALSE,NA,NA,0,"IntOgen","Somatic",2012
"intogen","CABOZANTINIB","Oncology",FALSE,NA,NA,0,"IntOgen","Somatic",2012
"intogen","LORCASERIN","Other indication",FALSE,NA,NA,0,"IntOgen","Somatic",2012
"intogen","CROFELEMER","Other indication",FALSE,NA,NA,0,"IntOgen","Somatic",2012
"intogen","PEGINESATIDE ACETATE","Other indication",FALSE,NA,NA,0,"IntOgen","Somatic",2012
"intogen","PEGINESATIDE ACETATE","Other indication",FALSE,NA,NA,0,"IntOgen","Somatic",2012
"intogen","TOFACITINIB","Other indication",FALSE,NA,NA,0,"IntOgen","Somatic",2012
"intogen","AXITINIB","Oncology",FALSE,NA,NA,0,"IntOgen","Somatic",2012
"intogen","TBO-FILGRASTIM","Oncology",FALSE,NA,NA,0,"IntOgen","Somatic",2012
"intogen","PERAMPANEL","Other indication",FALSE,NA,NA,0,"IntOgen","Somatic",2012
"intogen","VISMODEGIB","Oncology",FALSE,TRUE,TRUE,0.549177783454128,"IntOgen","Somatic",2012
"intogen","CARFILZOMIB","Oncology",FALSE,TRUE,NA,0,"IntOgen","Somatic",2012
"intogen","IVACAFTOR","Other indication",FALSE,NA,NA,0,"IntOgen","Somatic",2012
"intogen","PONATINIB","Oncology",FALSE,NA,NA,0,"IntOgen","Somatic",2012
"intogen","ENZALUTAMIDE","Oncology",FALSE,TRUE,TRUE,0.865457038266544,"IntOgen","Somatic",2012
"intogen","BOSUTINIB MONOHYDRATE","Oncology",FALSE,NA,NA,0,"IntOgen","Somatic",2012
"intogen","OCRIPLASMIN","Other indication",FALSE,NA,NA,0,"IntOgen","Somatic",2012
"orphanet","ZIV-AFLIBERCEPT","Oncology",FALSE,NA,NA,0,"Orphanet","Rare mendelian",2012
"orphanet","TERIFLUNOMIDE","Other indication",FALSE,NA,NA,0,"Orphanet","Rare mendelian",2012
"orphanet","TEDUGLUTIDE","Other indication",FALSE,NA,NA,0,"Orphanet","Rare mendelian",2012
"orphanet","TALIGLUCERASE ALFA","No human target",TRUE,NA,NA,NA,"Orphanet","Rare mendelian",2012
"orphanet","TAFLUPROST","Other indication",FALSE,NA,NA,0,"Orphanet","Rare mendelian",2012
"orphanet","TAFLUPROST","Other indication",FALSE,NA,NA,0,"Orphanet","Rare mendelian",2012
"orphanet","Stribild","Other indication",FALSE,NA,NA,0,"Orphanet","Rare mendelian",2012
"orphanet","RAXIBACUMAB","No human target",TRUE,NA,NA,NA,"Orphanet","Rare mendelian",2012
"orphanet","PASIREOTIDE DIASPARTATE","Other indication",FALSE,NA,NA,0,"Orphanet","Rare mendelian",2012
"orphanet","OMACETAXINE MEPESUCCINATE","Oncology",FALSE,NA,NA,0,"Orphanet","Rare mendelian",2012
"orphanet","MIRABEGRON","Other indication",FALSE,NA,NA,0,"Orphanet","Rare mendelian",2012
"orphanet","LUCINACTANT","No human target",TRUE,NA,NA,NA,"Orphanet","Rare mendelian",2012
"orphanet","LINACLOTIDE","Other indication",FALSE,NA,NA,0,"Orphanet","Rare mendelian",2012
"orphanet","LINACLOTIDE","Other indication",FALSE,NA,NA,0,"Orphanet","Rare mendelian",2012
"orphanet","GLUCARPIDASE","No human target",TRUE,NA,NA,NA,"Orphanet","Rare mendelian",2012
"orphanet","FLORBETAPIR F-18","No human target",TRUE,NA,NA,NA,"Orphanet","Rare mendelian",2012
"orphanet","CITRIC ACID, MAGNESIUM OXIDE, SODIUM PICOSULFATE","No human target",TRUE,NA,NA,NA,"Orphanet","Rare mendelian",2012
"orphanet","CHOLINE C-11","No human target",TRUE,NA,NA,NA,"Orphanet","Rare mendelian",2012
"orphanet","BEDAQUILINE","No human target",TRUE,NA,NA,NA,"Orphanet","Rare mendelian",2012
"orphanet","AVANAFIL","Other indication",FALSE,NA,NA,0,"Orphanet","Rare mendelian",2012
"orphanet","INGENOL MEBUTATE","Other indication",FALSE,NA,NA,0,"Orphanet","Rare mendelian",2012
"orphanet","LOMITAPIDE","Other indication",FALSE,NA,NA,0,"Orphanet","Rare mendelian",2012
"orphanet","APIXABAN","Other indication",FALSE,NA,NA,0,"Orphanet","Rare mendelian",2012
"orphanet","REGORAFENIB","Oncology",FALSE,NA,NA,0,"Orphanet","Rare mendelian",2012
"orphanet","ACLIDINIUM BROMIDE","Other indication",FALSE,NA,NA,0,"Orphanet","Rare mendelian",2012
"orphanet","PERTUZUMAB","Oncology",FALSE,NA,NA,0,"Orphanet","Rare mendelian",2012
"orphanet","CABOZANTINIB","Oncology",FALSE,NA,NA,0,"Orphanet","Rare mendelian",2012
"orphanet","LORCASERIN","Other indication",FALSE,NA,NA,0,"Orphanet","Rare mendelian",2012
"orphanet","CROFELEMER","Other indication",FALSE,NA,NA,0,"Orphanet","Rare mendelian",2012
"orphanet","PEGINESATIDE ACETATE","Other indication",FALSE,NA,NA,0,"Orphanet","Rare mendelian",2012
"orphanet","PEGINESATIDE ACETATE","Other indication",FALSE,NA,NA,0,"Orphanet","Rare mendelian",2012
"orphanet","TOFACITINIB","Other indication",FALSE,NA,NA,0,"Orphanet","Rare mendelian",2012
"orphanet","AXITINIB","Oncology",FALSE,NA,NA,0,"Orphanet","Rare mendelian",2012
"orphanet","TBO-FILGRASTIM","Oncology",FALSE,NA,NA,0,"Orphanet","Rare mendelian",2012
"orphanet","PERAMPANEL","Other indication",FALSE,NA,NA,0,"Orphanet","Rare mendelian",2012
"orphanet","VISMODEGIB","Oncology",FALSE,NA,NA,0,"Orphanet","Rare mendelian",2012
"orphanet","CARFILZOMIB","Oncology",FALSE,NA,NA,0,"Orphanet","Rare mendelian",2012
"orphanet","IVACAFTOR","Other indication",FALSE,TRUE,TRUE,0.607930797611621,"Orphanet","Rare mendelian",2012
"orphanet","PONATINIB","Oncology",FALSE,NA,NA,0,"Orphanet","Rare mendelian",2012
"orphanet","ENZALUTAMIDE","Oncology",FALSE,NA,NA,0,"Orphanet","Rare mendelian",2012
"orphanet","BOSUTINIB MONOHYDRATE","Oncology",FALSE,NA,NA,0,"Orphanet","Rare mendelian",2012
"orphanet","OCRIPLASMIN","Other indication",FALSE,TRUE,TRUE,0.759913497014526,"Orphanet","Rare mendelian",2012
"ot_genetics_portal","ZIV-AFLIBERCEPT","Oncology",FALSE,NA,NA,0,"OT Genetics Portal","Common disease",2012
"ot_genetics_portal","TERIFLUNOMIDE","Other indication",FALSE,NA,NA,0,"OT Genetics Portal","Common disease",2012
"ot_genetics_portal","TEDUGLUTIDE","Other indication",FALSE,NA,NA,0,"OT Genetics Portal","Common disease",2012
"ot_genetics_portal","TALIGLUCERASE ALFA","No human target",TRUE,NA,NA,NA,"OT Genetics Portal","Common disease",2012
"ot_genetics_portal","TAFLUPROST","Other indication",FALSE,NA,NA,0,"OT Genetics Portal","Common disease",2012
"ot_genetics_portal","TAFLUPROST","Other indication",FALSE,NA,NA,0,"OT Genetics Portal","Common disease",2012
"ot_genetics_portal","Stribild","Other indication",FALSE,NA,NA,0,"OT Genetics Portal","Common disease",2012
"ot_genetics_portal","RAXIBACUMAB","No human target",TRUE,NA,NA,NA,"OT Genetics Portal","Common disease",2012
"ot_genetics_portal","PASIREOTIDE DIASPARTATE","Other indication",FALSE,NA,NA,0,"OT Genetics Portal","Common disease",2012
"ot_genetics_portal","OMACETAXINE MEPESUCCINATE","Oncology",FALSE,NA,NA,0,"OT Genetics Portal","Common disease",2012
"ot_genetics_portal","MIRABEGRON","Other indication",FALSE,NA,NA,0,"OT Genetics Portal","Common disease",2012
"ot_genetics_portal","LUCINACTANT","No human target",TRUE,NA,NA,NA,"OT Genetics Portal","Common disease",2012
"ot_genetics_portal","LINACLOTIDE","Other indication",FALSE,NA,NA,0,"OT Genetics Portal","Common disease",2012
"ot_genetics_portal","LINACLOTIDE","Other indication",FALSE,NA,NA,0,"OT Genetics Portal","Common disease",2012
"ot_genetics_portal","GLUCARPIDASE","No human target",TRUE,NA,NA,NA,"OT Genetics Portal","Common disease",2012
"ot_genetics_portal","FLORBETAPIR F-18","No human target",TRUE,NA,NA,NA,"OT Genetics Portal","Common disease",2012
"ot_genetics_portal","CITRIC ACID, MAGNESIUM OXIDE, SODIUM PICOSULFATE","No human target",TRUE,NA,NA,NA,"OT Genetics Portal","Common disease",2012
"ot_genetics_portal","CHOLINE C-11","No human target",TRUE,NA,NA,NA,"OT Genetics Portal","Common disease",2012
"ot_genetics_portal","BEDAQUILINE","No human target",TRUE,NA,NA,NA,"OT Genetics Portal","Common disease",2012
"ot_genetics_portal","AVANAFIL","Other indication",FALSE,NA,NA,0,"OT Genetics Portal","Common disease",2012
"ot_genetics_portal","INGENOL MEBUTATE","Other indication",FALSE,NA,NA,0,"OT Genetics Portal","Common disease",2012
"ot_genetics_portal","LOMITAPIDE","Other indication",FALSE,TRUE,NA,0,"OT Genetics Portal","Common disease",2012
"ot_genetics_portal","APIXABAN","Other indication",FALSE,TRUE,TRUE,0.0418458868813113,"OT Genetics Portal","Common disease",2012
"ot_genetics_portal","REGORAFENIB","Oncology",FALSE,NA,TRUE,0,"OT Genetics Portal","Common disease",2012
"ot_genetics_portal","ACLIDINIUM BROMIDE","Other indication",FALSE,TRUE,TRUE,0.411568706750441,"OT Genetics Portal","Common disease",2012
"ot_genetics_portal","PERTUZUMAB","Oncology",FALSE,NA,NA,0,"OT Genetics Portal","Common disease",2012
"ot_genetics_portal","CABOZANTINIB","Oncology",FALSE,NA,NA,0,"OT Genetics Portal","Common disease",2012
"ot_genetics_portal","LORCASERIN","Other indication",FALSE,NA,NA,0,"OT Genetics Portal","Common disease",2012
"ot_genetics_portal","CROFELEMER","Other indication",FALSE,NA,NA,0,"OT Genetics Portal","Common disease",2012
"ot_genetics_portal","PEGINESATIDE ACETATE","Other indication",FALSE,NA,NA,0,"OT Genetics Portal","Common disease",2012
"ot_genetics_portal","PEGINESATIDE ACETATE","Other indication",FALSE,NA,NA,0,"OT Genetics Portal","Common disease",2012
"ot_genetics_portal","TOFACITINIB","Other indication",FALSE,TRUE,TRUE,0.447440112718926,"OT Genetics Portal","Common disease",2012
"ot_genetics_portal","AXITINIB","Oncology",FALSE,NA,NA,0,"OT Genetics Portal","Common disease",2012
"ot_genetics_portal","TBO-FILGRASTIM","Oncology",FALSE,NA,NA,0,"OT Genetics Portal","Common disease",2012
"ot_genetics_portal","PERAMPANEL","Other indication",FALSE,NA,NA,0,"OT Genetics Portal","Common disease",2012
"ot_genetics_portal","VISMODEGIB","Oncology",FALSE,NA,NA,0,"OT Genetics Portal","Common disease",2012
"ot_genetics_portal","CARFILZOMIB","Oncology",FALSE,TRUE,NA,0,"OT Genetics Portal","Common disease",2012
"ot_genetics_portal","IVACAFTOR","Other indication",FALSE,TRUE,NA,0,"OT Genetics Portal","Common disease",2012
"ot_genetics_portal","PONATINIB","Oncology",FALSE,NA,NA,0,"OT Genetics Portal","Common disease",2012
"ot_genetics_portal","ENZALUTAMIDE","Oncology",FALSE,TRUE,TRUE,0.410557755445946,"OT Genetics Portal","Common disease",2012
"ot_genetics_portal","BOSUTINIB MONOHYDRATE","Oncology",FALSE,NA,NA,0,"OT Genetics Portal","Common disease",2012
"ot_genetics_portal","OCRIPLASMIN","Other indication",FALSE,TRUE,TRUE,0.640461510586734,"OT Genetics Portal","Common disease",2012
"progeny","ZIV-AFLIBERCEPT","Oncology",FALSE,NA,NA,0,"Progeny","Functional genomics (cancer)",2012
"progeny","TERIFLUNOMIDE","Other indication",FALSE,NA,NA,0,"Progeny","Functional genomics (cancer)",2012
"progeny","TEDUGLUTIDE","Other indication",FALSE,NA,NA,0,"Progeny","Functional genomics (cancer)",2012
"progeny","TALIGLUCERASE ALFA","No human target",TRUE,NA,NA,NA,"Progeny","Functional genomics (cancer)",2012
"progeny","TAFLUPROST","Other indication",FALSE,NA,NA,0,"Progeny","Functional genomics (cancer)",2012
"progeny","TAFLUPROST","Other indication",FALSE,NA,NA,0,"Progeny","Functional genomics (cancer)",2012
"progeny","Stribild","Other indication",FALSE,NA,NA,0,"Progeny","Functional genomics (cancer)",2012
"progeny","RAXIBACUMAB","No human target",TRUE,NA,NA,NA,"Progeny","Functional genomics (cancer)",2012
"progeny","PASIREOTIDE DIASPARTATE","Other indication",FALSE,NA,NA,0,"Progeny","Functional genomics (cancer)",2012
"progeny","OMACETAXINE MEPESUCCINATE","Oncology",FALSE,NA,NA,0,"Progeny","Functional genomics (cancer)",2012
"progeny","MIRABEGRON","Other indication",FALSE,NA,NA,0,"Progeny","Functional genomics (cancer)",2012
"progeny","LUCINACTANT","No human target",TRUE,NA,NA,NA,"Progeny","Functional genomics (cancer)",2012
"progeny","LINACLOTIDE","Other indication",FALSE,NA,NA,0,"Progeny","Functional genomics (cancer)",2012
"progeny","LINACLOTIDE","Other indication",FALSE,NA,NA,0,"Progeny","Functional genomics (cancer)",2012
"progeny","GLUCARPIDASE","No human target",TRUE,NA,NA,NA,"Progeny","Functional genomics (cancer)",2012
"progeny","FLORBETAPIR F-18","No human target",TRUE,NA,NA,NA,"Progeny","Functional genomics (cancer)",2012
"progeny","CITRIC ACID, MAGNESIUM OXIDE, SODIUM PICOSULFATE","No human target",TRUE,NA,NA,NA,"Progeny","Functional genomics (cancer)",2012
"progeny","CHOLINE C-11","No human target",TRUE,NA,NA,NA,"Progeny","Functional genomics (cancer)",2012
"progeny","BEDAQUILINE","No human target",TRUE,NA,NA,NA,"Progeny","Functional genomics (cancer)",2012
"progeny","AVANAFIL","Other indication",FALSE,NA,NA,0,"Progeny","Functional genomics (cancer)",2012
"progeny","INGENOL MEBUTATE","Other indication",FALSE,NA,NA,0,"Progeny","Functional genomics (cancer)",2012
"progeny","LOMITAPIDE","Other indication",FALSE,NA,NA,0,"Progeny","Functional genomics (cancer)",2012
"progeny","APIXABAN","Other indication",FALSE,NA,NA,0,"Progeny","Functional genomics (cancer)",2012
"progeny","REGORAFENIB","Oncology",FALSE,NA,TRUE,0,"Progeny","Functional genomics (cancer)",2012
"progeny","ACLIDINIUM BROMIDE","Other indication",FALSE,NA,NA,0,"Progeny","Functional genomics (cancer)",2012
"progeny","PERTUZUMAB","Oncology",FALSE,NA,NA,0,"Progeny","Functional genomics (cancer)",2012
"progeny","CABOZANTINIB","Oncology",FALSE,NA,NA,0,"Progeny","Functional genomics (cancer)",2012
"progeny","LORCASERIN","Other indication",FALSE,NA,NA,0,"Progeny","Functional genomics (cancer)",2012
"progeny","CROFELEMER","Other indication",FALSE,NA,NA,0,"Progeny","Functional genomics (cancer)",2012
"progeny","PEGINESATIDE ACETATE","Other indication",FALSE,NA,NA,0,"Progeny","Functional genomics (cancer)",2012
"progeny","PEGINESATIDE ACETATE","Other indication",FALSE,NA,NA,0,"Progeny","Functional genomics (cancer)",2012
"progeny","TOFACITINIB","Other indication",FALSE,NA,NA,0,"Progeny","Functional genomics (cancer)",2012
"progeny","AXITINIB","Oncology",FALSE,TRUE,TRUE,0.611001138042729,"Progeny","Functional genomics (cancer)",2012
"progeny","TBO-FILGRASTIM","Oncology",FALSE,NA,NA,0,"Progeny","Functional genomics (cancer)",2012
"progeny","PERAMPANEL","Other indication",FALSE,NA,NA,0,"Progeny","Functional genomics (cancer)",2012
"progeny","VISMODEGIB","Oncology",FALSE,NA,NA,0,"Progeny","Functional genomics (cancer)",2012
"progeny","CARFILZOMIB","Oncology",FALSE,NA,NA,0,"Progeny","Functional genomics (cancer)",2012
"progeny","IVACAFTOR","Other indication",FALSE,NA,NA,0,"Progeny","Functional genomics (cancer)",2012
"progeny","PONATINIB","Oncology",FALSE,NA,NA,0,"Progeny","Functional genomics (cancer)",2012
"progeny","ENZALUTAMIDE","Oncology",FALSE,TRUE,TRUE,0.39886768568892,"Progeny","Functional genomics (cancer)",2012
"progeny","BOSUTINIB MONOHYDRATE","Oncology",FALSE,NA,NA,0,"Progeny","Functional genomics (cancer)",2012
"progeny","OCRIPLASMIN","Other indication",FALSE,NA,NA,0,"Progeny","Functional genomics (cancer)",2012
"slapenrich","ZIV-AFLIBERCEPT","Oncology",FALSE,NA,NA,0,"SlapEnrich","Functional genomics (cancer)",2012
"slapenrich","TERIFLUNOMIDE","Other indication",FALSE,NA,NA,0,"SlapEnrich","Functional genomics (cancer)",2012
"slapenrich","TEDUGLUTIDE","Other indication",FALSE,NA,NA,0,"SlapEnrich","Functional genomics (cancer)",2012
"slapenrich","TALIGLUCERASE ALFA","No human target",TRUE,NA,NA,NA,"SlapEnrich","Functional genomics (cancer)",2012
"slapenrich","TAFLUPROST","Other indication",FALSE,NA,NA,0,"SlapEnrich","Functional genomics (cancer)",2012
"slapenrich","TAFLUPROST","Other indication",FALSE,NA,NA,0,"SlapEnrich","Functional genomics (cancer)",2012
"slapenrich","Stribild","Other indication",FALSE,NA,NA,0,"SlapEnrich","Functional genomics (cancer)",2012
"slapenrich","RAXIBACUMAB","No human target",TRUE,NA,NA,NA,"SlapEnrich","Functional genomics (cancer)",2012
"slapenrich","PASIREOTIDE DIASPARTATE","Other indication",FALSE,NA,NA,0,"SlapEnrich","Functional genomics (cancer)",2012
"slapenrich","OMACETAXINE MEPESUCCINATE","Oncology",FALSE,NA,NA,0,"SlapEnrich","Functional genomics (cancer)",2012
"slapenrich","MIRABEGRON","Other indication",FALSE,NA,NA,0,"SlapEnrich","Functional genomics (cancer)",2012
"slapenrich","LUCINACTANT","No human target",TRUE,NA,NA,NA,"SlapEnrich","Functional genomics (cancer)",2012
"slapenrich","LINACLOTIDE","Other indication",FALSE,NA,NA,0,"SlapEnrich","Functional genomics (cancer)",2012
"slapenrich","LINACLOTIDE","Other indication",FALSE,NA,NA,0,"SlapEnrich","Functional genomics (cancer)",2012
"slapenrich","GLUCARPIDASE","No human target",TRUE,NA,NA,NA,"SlapEnrich","Functional genomics (cancer)",2012
"slapenrich","FLORBETAPIR F-18","No human target",TRUE,NA,NA,NA,"SlapEnrich","Functional genomics (cancer)",2012
"slapenrich","CITRIC ACID, MAGNESIUM OXIDE, SODIUM PICOSULFATE","No human target",TRUE,NA,NA,NA,"SlapEnrich","Functional genomics (cancer)",2012
"slapenrich","CHOLINE C-11","No human target",TRUE,NA,NA,NA,"SlapEnrich","Functional genomics (cancer)",2012
"slapenrich","BEDAQUILINE","No human target",TRUE,NA,NA,NA,"SlapEnrich","Functional genomics (cancer)",2012
"slapenrich","AVANAFIL","Other indication",FALSE,NA,NA,0,"SlapEnrich","Functional genomics (cancer)",2012
"slapenrich","INGENOL MEBUTATE","Other indication",FALSE,NA,NA,0,"SlapEnrich","Functional genomics (cancer)",2012
"slapenrich","LOMITAPIDE","Other indication",FALSE,NA,NA,0,"SlapEnrich","Functional genomics (cancer)",2012
"slapenrich","APIXABAN","Other indication",FALSE,NA,NA,0,"SlapEnrich","Functional genomics (cancer)",2012
"slapenrich","REGORAFENIB","Oncology",FALSE,NA,NA,0,"SlapEnrich","Functional genomics (cancer)",2012
"slapenrich","ACLIDINIUM BROMIDE","Other indication",FALSE,NA,NA,0,"SlapEnrich","Functional genomics (cancer)",2012
"slapenrich","PERTUZUMAB","Oncology",FALSE,NA,NA,0,"SlapEnrich","Functional genomics (cancer)",2012
"slapenrich","CABOZANTINIB","Oncology",FALSE,NA,NA,0,"SlapEnrich","Functional genomics (cancer)",2012
"slapenrich","LORCASERIN","Other indication",FALSE,NA,NA,0,"SlapEnrich","Functional genomics (cancer)",2012
"slapenrich","CROFELEMER","Other indication",FALSE,NA,NA,0,"SlapEnrich","Functional genomics (cancer)",2012
"slapenrich","PEGINESATIDE ACETATE","Other indication",FALSE,NA,NA,0,"SlapEnrich","Functional genomics (cancer)",2012
"slapenrich","PEGINESATIDE ACETATE","Other indication",FALSE,NA,NA,0,"SlapEnrich","Functional genomics (cancer)",2012
"slapenrich","TOFACITINIB","Other indication",FALSE,NA,NA,0,"SlapEnrich","Functional genomics (cancer)",2012
"slapenrich","AXITINIB","Oncology",FALSE,TRUE,NA,0,"SlapEnrich","Functional genomics (cancer)",2012
"slapenrich","TBO-FILGRASTIM","Oncology",FALSE,NA,NA,0,"SlapEnrich","Functional genomics (cancer)",2012
"slapenrich","PERAMPANEL","Other indication",FALSE,NA,NA,0,"SlapEnrich","Functional genomics (cancer)",2012
"slapenrich","VISMODEGIB","Oncology",FALSE,NA,NA,0,"SlapEnrich","Functional genomics (cancer)",2012
"slapenrich","CARFILZOMIB","Oncology",FALSE,TRUE,TRUE,0.744015716200231,"SlapEnrich","Functional genomics (cancer)",2012
"slapenrich","IVACAFTOR","Other indication",FALSE,NA,NA,0,"SlapEnrich","Functional genomics (cancer)",2012
"slapenrich","PONATINIB","Oncology",FALSE,NA,NA,0,"SlapEnrich","Functional genomics (cancer)",2012
"slapenrich","ENZALUTAMIDE","Oncology",FALSE,TRUE,NA,0,"SlapEnrich","Functional genomics (cancer)",2012
"slapenrich","BOSUTINIB MONOHYDRATE","Oncology",FALSE,NA,NA,0,"SlapEnrich","Functional genomics (cancer)",2012
"slapenrich","OCRIPLASMIN","Other indication",FALSE,NA,NA,0,"SlapEnrich","Functional genomics (cancer)",2012
"uniprot_literature","ZIV-AFLIBERCEPT","Oncology",FALSE,NA,NA,0,"Uniprot (gene-disease)","Rare mendelian",2012
"uniprot_literature","TERIFLUNOMIDE","Other indication",FALSE,NA,NA,0,"Uniprot (gene-disease)","Rare mendelian",2012
"uniprot_literature","TEDUGLUTIDE","Other indication",FALSE,NA,NA,0,"Uniprot (gene-disease)","Rare mendelian",2012
"uniprot_literature","TALIGLUCERASE ALFA","No human target",TRUE,NA,NA,NA,"Uniprot (gene-disease)","Rare mendelian",2012
"uniprot_literature","TAFLUPROST","Other indication",FALSE,NA,NA,0,"Uniprot (gene-disease)","Rare mendelian",2012
"uniprot_literature","TAFLUPROST","Other indication",FALSE,NA,NA,0,"Uniprot (gene-disease)","Rare mendelian",2012
"uniprot_literature","Stribild","Other indication",FALSE,NA,NA,0,"Uniprot (gene-disease)","Rare mendelian",2012
"uniprot_literature","RAXIBACUMAB","No human target",TRUE,NA,NA,NA,"Uniprot (gene-disease)","Rare mendelian",2012
"uniprot_literature","PASIREOTIDE DIASPARTATE","Other indication",FALSE,NA,NA,0,"Uniprot (gene-disease)","Rare mendelian",2012
"uniprot_literature","OMACETAXINE MEPESUCCINATE","Oncology",FALSE,NA,NA,0,"Uniprot (gene-disease)","Rare mendelian",2012
"uniprot_literature","MIRABEGRON","Other indication",FALSE,NA,NA,0,"Uniprot (gene-disease)","Rare mendelian",2012
"uniprot_literature","LUCINACTANT","No human target",TRUE,NA,NA,NA,"Uniprot (gene-disease)","Rare mendelian",2012
"uniprot_literature","LINACLOTIDE","Other indication",FALSE,NA,NA,0,"Uniprot (gene-disease)","Rare mendelian",2012
"uniprot_literature","LINACLOTIDE","Other indication",FALSE,NA,NA,0,"Uniprot (gene-disease)","Rare mendelian",2012
"uniprot_literature","GLUCARPIDASE","No human target",TRUE,NA,NA,NA,"Uniprot (gene-disease)","Rare mendelian",2012
"uniprot_literature","FLORBETAPIR F-18","No human target",TRUE,NA,NA,NA,"Uniprot (gene-disease)","Rare mendelian",2012
"uniprot_literature","CITRIC ACID, MAGNESIUM OXIDE, SODIUM PICOSULFATE","No human target",TRUE,NA,NA,NA,"Uniprot (gene-disease)","Rare mendelian",2012
"uniprot_literature","CHOLINE C-11","No human target",TRUE,NA,NA,NA,"Uniprot (gene-disease)","Rare mendelian",2012
"uniprot_literature","BEDAQUILINE","No human target",TRUE,NA,NA,NA,"Uniprot (gene-disease)","Rare mendelian",2012
"uniprot_literature","AVANAFIL","Other indication",FALSE,NA,NA,0,"Uniprot (gene-disease)","Rare mendelian",2012
"uniprot_literature","INGENOL MEBUTATE","Other indication",FALSE,NA,NA,0,"Uniprot (gene-disease)","Rare mendelian",2012
"uniprot_literature","LOMITAPIDE","Other indication",FALSE,NA,NA,0,"Uniprot (gene-disease)","Rare mendelian",2012
"uniprot_literature","APIXABAN","Other indication",FALSE,NA,NA,0,"Uniprot (gene-disease)","Rare mendelian",2012
"uniprot_literature","REGORAFENIB","Oncology",FALSE,NA,TRUE,0,"Uniprot (gene-disease)","Rare mendelian",2012
"uniprot_literature","ACLIDINIUM BROMIDE","Other indication",FALSE,NA,NA,0,"Uniprot (gene-disease)","Rare mendelian",2012
"uniprot_literature","PERTUZUMAB","Oncology",FALSE,NA,NA,0,"Uniprot (gene-disease)","Rare mendelian",2012
"uniprot_literature","CABOZANTINIB","Oncology",FALSE,NA,NA,0,"Uniprot (gene-disease)","Rare mendelian",2012
"uniprot_literature","LORCASERIN","Other indication",FALSE,NA,NA,0,"Uniprot (gene-disease)","Rare mendelian",2012
"uniprot_literature","CROFELEMER","Other indication",FALSE,NA,NA,0,"Uniprot (gene-disease)","Rare mendelian",2012
"uniprot_literature","PEGINESATIDE ACETATE","Other indication",FALSE,NA,NA,0,"Uniprot (gene-disease)","Rare mendelian",2012
"uniprot_literature","PEGINESATIDE ACETATE","Other indication",FALSE,NA,NA,0,"Uniprot (gene-disease)","Rare mendelian",2012
"uniprot_literature","TOFACITINIB","Other indication",FALSE,NA,NA,0,"Uniprot (gene-disease)","Rare mendelian",2012
"uniprot_literature","AXITINIB","Oncology",FALSE,NA,NA,0,"Uniprot (gene-disease)","Rare mendelian",2012
"uniprot_literature","TBO-FILGRASTIM","Oncology",FALSE,NA,NA,0,"Uniprot (gene-disease)","Rare mendelian",2012
"uniprot_literature","PERAMPANEL","Other indication",FALSE,NA,NA,0,"Uniprot (gene-disease)","Rare mendelian",2012
"uniprot_literature","VISMODEGIB","Oncology",FALSE,TRUE,NA,0,"Uniprot (gene-disease)","Rare mendelian",2012
"uniprot_literature","CARFILZOMIB","Oncology",FALSE,TRUE,NA,0,"Uniprot (gene-disease)","Rare mendelian",2012
"uniprot_literature","IVACAFTOR","Other indication",FALSE,TRUE,TRUE,0.607930797611621,"Uniprot (gene-disease)","Rare mendelian",2012
"uniprot_literature","PONATINIB","Oncology",FALSE,TRUE,TRUE,0.607930797611621,"Uniprot (gene-disease)","Rare mendelian",2012
"uniprot_literature","ENZALUTAMIDE","Oncology",FALSE,NA,NA,0,"Uniprot (gene-disease)","Rare mendelian",2012
"uniprot_literature","BOSUTINIB MONOHYDRATE","Oncology",FALSE,TRUE,TRUE,0.607930797611621,"Uniprot (gene-disease)","Rare mendelian",2012
"uniprot_literature","OCRIPLASMIN","Other indication",FALSE,TRUE,TRUE,0.607930797611621,"Uniprot (gene-disease)","Rare mendelian",2012
"uniprot_variants","ZIV-AFLIBERCEPT","Oncology",FALSE,NA,NA,0,"Uniprot (variants)","Rare mendelian",2012
"uniprot_variants","TERIFLUNOMIDE","Other indication",FALSE,NA,NA,0,"Uniprot (variants)","Rare mendelian",2012
"uniprot_variants","TEDUGLUTIDE","Other indication",FALSE,NA,NA,0,"Uniprot (variants)","Rare mendelian",2012
"uniprot_variants","TALIGLUCERASE ALFA","No human target",TRUE,NA,NA,NA,"Uniprot (variants)","Rare mendelian",2012
"uniprot_variants","TAFLUPROST","Other indication",FALSE,NA,NA,0,"Uniprot (variants)","Rare mendelian",2012
"uniprot_variants","TAFLUPROST","Other indication",FALSE,NA,NA,0,"Uniprot (variants)","Rare mendelian",2012
"uniprot_variants","Stribild","Other indication",FALSE,NA,NA,0,"Uniprot (variants)","Rare mendelian",2012
"uniprot_variants","RAXIBACUMAB","No human target",TRUE,NA,NA,NA,"Uniprot (variants)","Rare mendelian",2012
"uniprot_variants","PASIREOTIDE DIASPARTATE","Other indication",FALSE,NA,NA,0,"Uniprot (variants)","Rare mendelian",2012
"uniprot_variants","OMACETAXINE MEPESUCCINATE","Oncology",FALSE,NA,NA,0,"Uniprot (variants)","Rare mendelian",2012
"uniprot_variants","MIRABEGRON","Other indication",FALSE,NA,NA,0,"Uniprot (variants)","Rare mendelian",2012
"uniprot_variants","LUCINACTANT","No human target",TRUE,NA,NA,NA,"Uniprot (variants)","Rare mendelian",2012
"uniprot_variants","LINACLOTIDE","Other indication",FALSE,NA,NA,0,"Uniprot (variants)","Rare mendelian",2012
"uniprot_variants","LINACLOTIDE","Other indication",FALSE,NA,NA,0,"Uniprot (variants)","Rare mendelian",2012
"uniprot_variants","GLUCARPIDASE","No human target",TRUE,NA,NA,NA,"Uniprot (variants)","Rare mendelian",2012
"uniprot_variants","FLORBETAPIR F-18","No human target",TRUE,NA,NA,NA,"Uniprot (variants)","Rare mendelian",2012
"uniprot_variants","CITRIC ACID, MAGNESIUM OXIDE, SODIUM PICOSULFATE","No human target",TRUE,NA,NA,NA,"Uniprot (variants)","Rare mendelian",2012
"uniprot_variants","CHOLINE C-11","No human target",TRUE,NA,NA,NA,"Uniprot (variants)","Rare mendelian",2012
"uniprot_variants","BEDAQUILINE","No human target",TRUE,NA,NA,NA,"Uniprot (variants)","Rare mendelian",2012
"uniprot_variants","AVANAFIL","Other indication",FALSE,NA,NA,0,"Uniprot (variants)","Rare mendelian",2012
"uniprot_variants","INGENOL MEBUTATE","Other indication",FALSE,NA,NA,0,"Uniprot (variants)","Rare mendelian",2012
"uniprot_variants","LOMITAPIDE","Other indication",FALSE,NA,NA,0,"Uniprot (variants)","Rare mendelian",2012
"uniprot_variants","APIXABAN","Other indication",FALSE,NA,NA,0,"Uniprot (variants)","Rare mendelian",2012
"uniprot_variants","REGORAFENIB","Oncology",FALSE,NA,NA,0,"Uniprot (variants)","Rare mendelian",2012
"uniprot_variants","ACLIDINIUM BROMIDE","Other indication",FALSE,NA,NA,0,"Uniprot (variants)","Rare mendelian",2012
"uniprot_variants","PERTUZUMAB","Oncology",FALSE,NA,NA,0,"Uniprot (variants)","Rare mendelian",2012
"uniprot_variants","CABOZANTINIB","Oncology",FALSE,NA,NA,0,"Uniprot (variants)","Rare mendelian",2012
"uniprot_variants","LORCASERIN","Other indication",FALSE,NA,NA,0,"Uniprot (variants)","Rare mendelian",2012
"uniprot_variants","CROFELEMER","Other indication",FALSE,NA,NA,0,"Uniprot (variants)","Rare mendelian",2012
"uniprot_variants","PEGINESATIDE ACETATE","Other indication",FALSE,TRUE,NA,0,"Uniprot (variants)","Rare mendelian",2012
"uniprot_variants","PEGINESATIDE ACETATE","Other indication",FALSE,TRUE,NA,0,"Uniprot (variants)","Rare mendelian",2012
"uniprot_variants","TOFACITINIB","Other indication",FALSE,NA,NA,0,"Uniprot (variants)","Rare mendelian",2012
"uniprot_variants","AXITINIB","Oncology",FALSE,NA,NA,0,"Uniprot (variants)","Rare mendelian",2012
"uniprot_variants","TBO-FILGRASTIM","Oncology",FALSE,NA,NA,0,"Uniprot (variants)","Rare mendelian",2012
"uniprot_variants","PERAMPANEL","Other indication",FALSE,NA,NA,0,"Uniprot (variants)","Rare mendelian",2012
"uniprot_variants","VISMODEGIB","Oncology",FALSE,NA,NA,0,"Uniprot (variants)","Rare mendelian",2012
"uniprot_variants","CARFILZOMIB","Oncology",FALSE,NA,NA,0,"Uniprot (variants)","Rare mendelian",2012
"uniprot_variants","IVACAFTOR","Other indication",FALSE,TRUE,TRUE,0.993433918445888,"Uniprot (variants)","Rare mendelian",2012
"uniprot_variants","PONATINIB","Oncology",FALSE,NA,NA,0,"Uniprot (variants)","Rare mendelian",2012
"uniprot_variants","ENZALUTAMIDE","Oncology",FALSE,NA,NA,0,"Uniprot (variants)","Rare mendelian",2012
"uniprot_variants","BOSUTINIB MONOHYDRATE","Oncology",FALSE,NA,NA,0,"Uniprot (variants)","Rare mendelian",2012
"uniprot_variants","OCRIPLASMIN","Other indication",FALSE,TRUE,TRUE,0.865457038266544,"Uniprot (variants)","Rare mendelian",2012
